study_id,platform,record_count
local-ai-2024,github,2092
local-ai-2024,hacker_news,12456
local-ai-2024,public_ecommerce_reviews,368
local-ai-2024,public_forum,2810
local-ai-2024,public_review_comments,1801
local-ai-2024,reddit,190425
local-ai-2024,stackexchange,1136
ai-glasses-2023,app_store,155
ai-glasses-2023,bilibili,2993
ai-glasses-2023,github,429
ai-glasses-2023,google_play,283
ai-glasses-2023,hacker_news,2520
ai-glasses-2023,halliday_judgeme,4
ai-glasses-2023,inmo_loox,60
ai-glasses-2023,lucyd_okendo,622
ai-glasses-2023,public_forum,26
ai-glasses-2023,reddit,174791
ai-glasses-2023,rokid_judgeme,307
ai-glasses-2023,solos_judgeme,25
ai-glasses-2023,taobao,2
ai-glasses-2023,tmall,3
ai-glasses-2023,viture_okendo,4734
ai-glasses-2023,weibo,63
ai-glasses-2023,x,274
ai-glasses-2023,xiaohongshu,679
ai-glasses-2023,youtube,21279
ai-glasses-2023,zhihu,613
home-robots-2023,bilibili,941
home-robots-2023,github,905
home-robots-2023,hacker_news,19023
home-robots-2023,reddit,184008
home-robots-2023,stackexchange,297
home-robots-2023,youtube,3581
